model,regularization,lambda,error,rmse,activation_fn
"[11, 10, 20, 1]",None,0,8.857701846752065,4.433120574061298,relu
"[11, 10, 20, 1]",L1,0.01,4.871836504310465,3.203131045290635,relu
"[11, 10, 20, 1]",L2,0.01,3.8119728161078013,2.819686259934257,relu
"[11, 10, 20, 1]",L1,0.1,1.15750092642171,1.5862448719845723,relu
"[11, 10, 20, 1]",L2,0.1,0.017316209808665203,0.17663983124841665,relu
"[11, 10, 20, 1]",L1,0.5,0.048803943405210305,0.29594304367245416,relu
"[11, 10, 20, 1]",L2,0.5,1.2730959681138547,1.620506454970295,relu
"[11, 50, 30, 1]",None,0,0.5124309730386913,1.0205479805601796,relu
"[11, 50, 30, 1]",L1,0.01,0.7844060504348863,1.3031440003201507,relu
"[11, 50, 30, 1]",L2,0.01,0.43283714796459033,0.9021416489450572,relu
"[11, 50, 30, 1]",L1,0.1,0.10748188596791942,0.47929391856509046,relu
"[11, 50, 30, 1]",L2,0.1,1.0631668541588648,1.481196021852407,relu
"[11, 50, 30, 1]",L1,0.5,1.4111675952387726,1.7081123772765905,relu
"[11, 50, 30, 1]",L2,0.5,1.8244416142582636,1.8623182388495518,relu
"[11, 10, 20, 1]",None,0,0.09178412090346318,0.41926742565167013,tanh
"[11, 10, 20, 1]",L1,0.01,0.13759158210094108,0.5268350816253744,tanh
"[11, 10, 20, 1]",L2,0.01,0.04120682216577773,0.2528622437141634,tanh
"[11, 10, 20, 1]",L1,0.1,0.033952392324085305,0.17129731998870312,tanh
"[11, 10, 20, 1]",L2,0.1,0.035454816504116304,0.12498016582763836,tanh
"[11, 10, 20, 1]",L1,0.5,0.08848162983550484,0.25380394984374094,tanh
"[11, 10, 20, 1]",L2,0.5,0.2179855678955475,0.5073731139877887,tanh
"[11, 50, 30, 1]",None,0,0.026345472434691892,0.2990249742329575,tanh
"[11, 50, 30, 1]",L1,0.01,0.025866127932758668,0.2329000102201911,tanh
"[11, 50, 30, 1]",L2,0.01,0.026542718280109366,0.32742319994662,tanh
"[11, 50, 30, 1]",L1,0.1,0.882177709442337,1.3279226765550898,tanh
"[11, 50, 30, 1]",L2,0.1,0.034360304072559994,0.19842337683746764,tanh
"[11, 50, 30, 1]",L1,0.5,0.2555262000626898,0.6498836871693784,tanh
"[11, 50, 30, 1]",L2,0.5,0.4778640114309596,0.9313380072006419,tanh
"[11, 10, 20, 1]",None,0,0.27535886819773053,0.7612943630786541,relu
"[11, 10, 20, 1]",L1,0.01,0.0641890563690587,0.37067649018262516,relu
"[11, 10, 20, 1]",L2,0.01,0.06451090686213176,0.3551701126709253,relu
"[11, 10, 20, 1]",L1,0.1,1.4623117579725045,1.698075053688767,relu
"[11, 10, 20, 1]",L2,0.1,0.052692620589203654,0.32488376505259386,relu
"[11, 10, 20, 1]",L1,0.5,0.02576919692580259,0.19789416149113387,relu
"[11, 10, 20, 1]",L2,0.5,0.5217401732361727,1.0726001557208111,relu
"[11, 50, 30, 1]",None,0,0.5541678485504862,1.0639695130065743,relu
"[11, 50, 30, 1]",L1,0.01,0.25499119339203496,0.7118456063776342,relu
"[11, 50, 30, 1]",L2,0.01,3.6522374094686505,2.6847079178292614,relu
"[11, 50, 30, 1]",L1,0.1,0.4180312642470156,0.9446897598523919,relu
"[11, 50, 30, 1]",L2,0.1,0.877506824686406,1.2931203496525838,relu
"[11, 50, 30, 1]",L1,0.5,0.5978744529483154,1.0631330511397676,relu
"[11, 50, 30, 1]",L2,0.5,0.6331871011990019,1.127438793831146,relu
"[11, 10, 20, 1]",None,0,0.06090782037721747,0.3309535954003946,tanh
"[11, 10, 20, 1]",L1,0.01,0.024443639090505183,0.19517241325158854,tanh
"[11, 10, 20, 1]",L2,0.01,0.049396719365736745,0.2703422189768578,tanh
"[11, 10, 20, 1]",L1,0.1,0.07133332423569355,0.3253182859514302,tanh
"[11, 10, 20, 1]",L2,0.1,0.06674681966704356,0.28314854813438345,tanh
"[11, 10, 20, 1]",L1,0.5,0.301483073680416,0.6878829754530117,tanh
"[11, 10, 20, 1]",L2,0.5,0.25991241408071936,0.6248721082463066,tanh
"[11, 50, 30, 1]",None,0,0.028071739203170305,0.266240795822077,tanh
"[11, 50, 30, 1]",L1,0.01,0.10864104815206961,0.49767335054601786,tanh
"[11, 50, 30, 1]",L2,0.01,0.04045909815266439,0.284854656734196,tanh
"[11, 50, 30, 1]",L1,0.1,0.02878110440619452,0.21518142522767358,tanh
"[11, 50, 30, 1]",L2,0.1,0.03339754337376188,0.14296427794378136,tanh
"[11, 50, 30, 1]",L1,0.5,0.3160956462237361,0.719344543176219,tanh
"[11, 50, 30, 1]",L2,0.5,0.11632802508850665,0.3091083327385591,tanh
"[11, 10, 20, 1]",None,0,4.341954969461738,2.8902466760681715,relu
"[11, 10, 20, 1]",L1,0.01,1.9352350844515747,1.982472961906465,relu
"[11, 10, 20, 1]",L2,0.01,10.123720965823683,4.446842531048712,relu
"[11, 10, 20, 1]",L1,0.1,0.01525577402912773,0.16357674125110497,relu
"[11, 10, 20, 1]",L2,0.1,0.0338757818004341,0.2462797074219147,relu
"[11, 10, 20, 1]",L1,0.5,0.032124688030949394,0.2365445469634101,relu
"[11, 10, 20, 1]",L2,0.5,0.3588420445073713,0.8232928147262346,relu
"[11, 50, 30, 1]",None,0,0.6078672631552913,1.1270158993351245,relu
"[11, 50, 30, 1]",L1,0.01,0.7594968009922667,1.2522920492606728,relu
"[11, 50, 30, 1]",L2,0.01,0.23170554592641168,0.6996115768359447,relu
"[11, 50, 30, 1]",L1,0.1,0.19906867747622736,0.636909205281119,relu
"[11, 50, 30, 1]",L2,0.1,0.44503491619453317,0.9431637329553019,relu
"[11, 50, 30, 1]",L1,0.5,0.5501760880259691,1.0369540776368666,relu
"[11, 50, 30, 1]",L2,0.5,5.7289097092240295,3.4034020845626065,relu
"[11, 10, 20, 1]",None,0,0.054919600153852915,0.36271819355347296,tanh
"[11, 10, 20, 1]",L1,0.01,0.09630398451847749,0.3872053270753383,tanh
"[11, 10, 20, 1]",L2,0.01,0.10567024743070852,0.4456145978681906,tanh
"[11, 10, 20, 1]",L1,0.1,0.03595580236539802,0.19583398105429162,tanh
"[11, 10, 20, 1]",L2,0.1,0.06921955984258538,0.2918042115995091,tanh
"[11, 10, 20, 1]",L1,0.5,0.1168700435465659,0.3696892144891163,tanh
"[11, 10, 20, 1]",L2,0.5,0.38336106979658746,0.7919018010160587,tanh
"[11, 50, 30, 1]",None,0,0.029243178796754157,0.2609051260778053,tanh
"[11, 50, 30, 1]",L1,0.01,0.08236403209881529,0.3786561798818212,tanh
"[11, 50, 30, 1]",L2,0.01,0.04436820299874497,0.3431526043473146,tanh
"[11, 50, 30, 1]",L1,0.1,0.417577892881024,0.867429440371288,tanh
"[11, 50, 30, 1]",L2,0.1,0.6213656803564708,1.1159149646385689,tanh
"[11, 50, 30, 1]",L1,0.5,0.1678693358511631,0.45790584229690046,tanh
"[11, 50, 30, 1]",L2,0.5,0.43571485956398465,0.8781493334042836,tanh
"[11, 10, 20, 1]",None,0,0.676869722142483,1.1710578898814867,relu
"[11, 10, 20, 1]",L1,0.01,0.1402794753716102,0.5312398140690674,relu
"[11, 10, 20, 1]",L2,0.01,0.009807255458610704,0.14699397668236394,relu
"[11, 10, 20, 1]",L1,0.1,4.875783247403857,3.0867319105769213,relu
"[11, 10, 20, 1]",L2,0.1,2.726339669941003,2.2527340745976905,relu
"[11, 10, 20, 1]",L1,0.5,0.02938058158955944,0.22053945676710596,relu
"[11, 10, 20, 1]",L2,0.5,0.31104539908306883,0.7821762569796799,relu
"[11, 50, 30, 1]",None,0,0.20950649628552953,0.6611775459258679,relu
"[11, 50, 30, 1]",L1,0.01,0.25978888058850114,0.7205941626476922,relu
"[11, 50, 30, 1]",L2,0.01,0.15879422039094596,0.5720783767298382,relu
"[11, 50, 30, 1]",L1,0.1,1.9151545010790767,2.085517600424941,relu
"[11, 50, 30, 1]",L2,0.1,0.5825292198181948,1.101145655962264,relu
"[11, 50, 30, 1]",L1,0.5,0.364769672382517,0.8711865234602303,relu
"[11, 50, 30, 1]",L2,0.5,0.5657010458318776,1.0888362946413626,relu
"[11, 10, 20, 1]",None,0,0.07678443513246212,0.35471422052401835,tanh
"[11, 10, 20, 1]",L1,0.01,0.01808496539361648,0.11251418462526476,tanh
"[11, 10, 20, 1]",L2,0.01,0.04438651975268741,0.2585001285886252,tanh
"[11, 10, 20, 1]",L1,0.1,0.02985162524353518,0.16482938691216548,tanh
"[11, 10, 20, 1]",L2,0.1,0.06451696438243554,0.26737723876923475,tanh
"[11, 10, 20, 1]",L1,0.5,0.32598381639143287,0.7542123035090438,tanh
"[11, 10, 20, 1]",L2,0.5,0.34766422663264007,0.7559327620752205,tanh
"[11, 50, 30, 1]",None,0,0.022598874936843278,0.176934736764425,tanh
"[11, 50, 30, 1]",L1,0.01,0.0157024945613401,0.1822973989906127,tanh
"[11, 50, 30, 1]",L2,0.01,0.030987097658910962,0.31441386122286896,tanh
"[11, 50, 30, 1]",L1,0.1,0.34442145129166046,0.7960707464347669,tanh
"[11, 50, 30, 1]",L2,0.1,0.07724372486725858,0.31988647262322467,tanh
"[11, 50, 30, 1]",L1,0.5,0.30599901799173723,0.7229208251817738,tanh
"[11, 50, 30, 1]",L2,0.5,0.6199384219028033,1.0738401342998631,tanh
"[11, 10, 20, 1]",None,0,27.46595843759805,7.4402984632964575,relu
"[11, 10, 20, 1]",L1,0.01,nan,nan,relu
"[11, 10, 20, 1]",L2,0.01,nan,nan,relu
"[11, 10, 20, 1]",L1,0.1,11.387275723852087,4.8709167986988975,relu
"[11, 10, 20, 1]",L2,0.1,413368500.1888618,7.428668283992981,relu
"[11, 10, 20, 1]",L1,0.5,5.808062610405117,3.3818220301108894,relu
"[11, 10, 20, 1]",L2,0.5,nan,nan,relu
"[11, 50, 30, 1]",None,0,27.461391782024876,7.433811283585929,relu
"[11, 50, 30, 1]",L1,0.01,nan,nan,relu
"[11, 50, 30, 1]",L2,0.01,3702.9764560947897,7.440149985162839,relu
"[11, 50, 30, 1]",L1,0.1,nan,nan,relu
"[11, 50, 30, 1]",L2,0.1,27.743901815397727,7.431782491413726,relu
"[11, 50, 30, 1]",L1,0.5,27.47004196763906,7.437066050591799,relu
"[11, 50, 30, 1]",L2,0.5,nan,nan,relu
"[11, 10, 20, 1]",None,0,0.02361333964755006,0.15353342829819927,tanh
"[11, 10, 20, 1]",L1,0.01,0.20696497487149104,0.6163693833702181,tanh
"[11, 10, 20, 1]",L2,0.01,0.4377639047118293,0.9093983656995781,tanh
"[11, 10, 20, 1]",L1,0.1,0.023882400571440917,0.1088191936743221,tanh
"[11, 10, 20, 1]",L2,0.1,0.07287904478731774,0.30506642507596343,tanh
"[11, 10, 20, 1]",L1,0.5,0.13437774227207386,0.4193627848999512,tanh
"[11, 10, 20, 1]",L2,0.5,0.2236754995763891,0.5935841031709731,tanh
"[11, 50, 30, 1]",None,0,0.03419689648334402,0.3050867637566225,tanh
"[11, 50, 30, 1]",L1,0.01,0.018114072126985487,0.15327758928255023,tanh
"[11, 50, 30, 1]",L2,0.01,0.024023992854121195,0.19839147048651695,tanh
"[11, 50, 30, 1]",L1,0.1,0.22358555211520326,0.6472395886861755,tanh
"[11, 50, 30, 1]",L2,0.1,0.14477834868353753,0.4958964849189058,tanh
"[11, 50, 30, 1]",L1,0.5,0.2719598055679543,0.6709277988255437,tanh
"[11, 50, 30, 1]",L2,0.5,0.829447618552781,1.2293478609205553,tanh
"[11, 10, 20, 1]",None,0,1.0160169872065645,1.291549787861286,relu
"[11, 10, 20, 1]",L1,0.01,3.085712782943673,2.4813669636062525,relu
"[11, 10, 20, 1]",L2,0.01,1.7930132013898532,1.9369553983522418,relu
"[11, 10, 20, 1]",L1,0.1,0.02196754927014321,0.2309934341062875,relu
"[11, 10, 20, 1]",L2,0.1,2.774862898555345,2.3720849552439662,relu
"[11, 10, 20, 1]",L1,0.5,0.03975503560523437,0.25747417928275507,relu
"[11, 10, 20, 1]",L2,0.5,0.08583480708696095,0.37746955246919145,relu
"[11, 50, 30, 1]",None,0,0.05732202289398353,0.36259260718662417,relu
"[11, 50, 30, 1]",L1,0.01,0.9910326738169362,1.4400842685442021,relu
"[11, 50, 30, 1]",L2,0.01,2.2006869087311967,2.0837499038935,relu
"[11, 50, 30, 1]",L1,0.1,1.1775103784662242,1.5270772040063836,relu
"[11, 50, 30, 1]",L2,0.1,0.49248194641020543,0.9837393631564756,relu
"[11, 50, 30, 1]",L1,0.5,0.4523439407430937,0.9700369038187538,relu
"[11, 50, 30, 1]",L2,0.5,1.5727090394621013,1.838163972364484,relu
"[11, 10, 20, 1]",None,0,0.015755193180247807,0.16303265067717382,tanh
"[11, 10, 20, 1]",L1,0.01,0.030226565000827252,0.22670057052726358,tanh
"[11, 10, 20, 1]",L2,0.01,0.022615687577908498,0.13973933455682558,tanh
"[11, 10, 20, 1]",L1,0.1,0.049377588417926686,0.2791659437541289,tanh
"[11, 10, 20, 1]",L2,0.1,0.032700374247870506,0.1062924631780419,tanh
"[11, 10, 20, 1]",L1,0.5,0.13061295893363742,0.41203941061959704,tanh
"[11, 10, 20, 1]",L2,0.5,0.24287421901612247,0.5984935831590376,tanh
"[11, 50, 30, 1]",None,0,0.029935029180589642,0.2787073856715304,tanh
"[11, 50, 30, 1]",L1,0.01,0.024198451753992416,0.19703154834250228,tanh
"[11, 50, 30, 1]",L2,0.01,0.030626273636225762,0.26410316136958656,tanh
"[11, 50, 30, 1]",L1,0.1,0.3244559082790676,0.7901683363451504,tanh
"[11, 50, 30, 1]",L2,0.1,0.039151135610600574,0.20956833374072786,tanh
"[11, 50, 30, 1]",L1,0.5,0.15627862977540763,0.46672399384854774,tanh
"[11, 50, 30, 1]",L2,0.5,0.3315745320671846,0.7264519701067723,tanh
"[11, 32, 1]",None,0,0.10757793227514265,0.4723991889943893,relu,50,64
"[11, 64, 1]",None,0,0.09895331580854967,0.4508073697306335,relu,50,64
"[11, 128, 1]",None,0,0.07838968177625398,0.4109132772477833,relu,50,64
"[11, 32, 64, 1]",None,0,0.06811643246305787,0.4369498643236871,relu,50,64
"[11, 32, 128, 1]",None,0,0.0728911775341229,0.4246344226727622,relu,50,64
"[11, 32, 64, 128, 1]",None,0,0.06331874414747636,0.46132287004279376,relu,50,64
"[11, 32, 32, 128, 1]",None,0,0.08092939067180996,0.46555375678693567,relu,50,64
"[11, 32, 32, 128, 1]",L1,0.001,0.057924216751779306,0.39106577273874343,relu,50,64
"[11, 32, 32, 128, 1]",L2,0.001,0.07269055331856061,0.44457996241753345,relu,50,64
"[11, 32, 32, 128, 1]",L1,0.1,0.0588682208832574,0.34475974618298927,relu,50,64
"[11, 32, 32, 128, 1]",L2,0.1,0.057030601204978534,0.4124496704084066,relu,50,64
"[11, 32, 1]",None,0,0.07917350141128814,0.4271029387639693,tanh,50,64
"[11, 64, 1]",None,0,0.07526233124977749,0.47856176717571886,tanh,50,64
"[11, 128, 1]",None,0,0.14237467409970447,0.5982268261293625,tanh,50,64
"[11, 32, 64, 1]",None,0,0.16035001662472384,0.5832665198330661,tanh,50,64
"[11, 32, 128, 1]",None,0,0.036039180147771625,0.3065759538382113,tanh,50,64
"[11, 32, 64, 128, 1]",None,0,0.03294402735878717,0.34099991260474916,tanh,50,64
"[11, 32, 32, 128, 1]",None,0,0.0648682424775102,0.3681352326335078,tanh,50,64
"[11, 32, 32, 128, 1]",L1,0.001,0.03806142568798356,0.2719870014909989,tanh,50,64
"[11, 32, 32, 128, 1]",L2,0.001,0.03366790316338567,0.26642142890817433,tanh,50,64
"[11, 32, 32, 128, 1]",L1,0.1,0.04532179720252153,0.2702624375263575,tanh,50,64
"[11, 32, 32, 128, 1]",L2,0.1,0.038751958772103315,0.26594770334980744,tanh,50,64
"[11, 32, 1]",None,0,0.06943496458779899,0.38006445752699747,relu,50,32
"[11, 64, 1]",None,0,0.05484526707301219,0.3640573486221435,relu,50,32
"[11, 128, 1]",None,0,0.05494322885526813,0.34685542897068705,relu,50,32
"[11, 32, 64, 1]",None,0,0.039311513923468835,0.3040005076418806,relu,50,32
"[11, 32, 128, 1]",None,0,0.03234264405920351,0.29837790796608515,relu,50,32
"[11, 32, 64, 128, 1]",None,0,0.045400075398042194,0.4099764069334709,relu,50,32
"[11, 32, 32, 128, 1]",None,0,0.03680836751847608,0.35596642230397657,relu,50,32
"[11, 32, 32, 128, 1]",L1,0.001,0.03950745629109012,0.3117654937094763,relu,50,32
"[11, 32, 32, 128, 1]",L2,0.001,0.03606052576818545,0.3449800188466198,relu,50,32
"[11, 32, 32, 128, 1]",L1,0.1,0.048457586196160383,0.3003770644931269,relu,50,32
"[11, 32, 32, 128, 1]",L2,0.1,0.035067751157284194,0.2715389381162647,relu,50,32
"[11, 32, 1]",None,0,0.04116928374688204,0.2785456754674747,tanh,50,32
"[11, 64, 1]",None,0,0.03257336769571635,0.3507828068959159,tanh,50,32
"[11, 128, 1]",None,0,0.04454953536444306,0.3778920056638505,tanh,50,32
"[11, 32, 64, 1]",None,0,0.018196477627181514,0.29697745840501993,tanh,50,32
"[11, 32, 128, 1]",None,0,0.020344340082380986,0.21328247766416586,tanh,50,32
"[11, 32, 64, 128, 1]",None,0,0.016474265414995488,0.2832178632511919,tanh,50,32
"[11, 32, 32, 128, 1]",None,0,0.017743592877100305,0.20579441531498907,tanh,50,32
"[11, 32, 32, 128, 1]",L1,0.001,0.026489383110787173,0.22671220528228214,tanh,50,32
"[11, 32, 32, 128, 1]",L2,0.001,0.017958626249528587,0.1992789562523143,tanh,50,32
"[11, 32, 32, 128, 1]",L1,0.1,0.05707987859042016,0.1881411104091711,tanh,50,32
"[11, 32, 32, 128, 1]",L2,0.1,0.02925643228715428,0.24048369613207274,tanh,50,32
"[11, 32, 1]",None,0,0.08990027830062923,0.42648115400745984,relu,50,64
"[11, 64, 1]",None,0,0.08410051717705078,0.43298421566309325,relu,50,64
"[11, 128, 1]",None,0,0.07336888342264895,0.39392626912814727,relu,50,64
"[11, 32, 64, 1]",None,0,0.05986011279498777,0.38178528077845586,relu,50,64
"[11, 32, 128, 1]",None,0,0.05201665990802751,0.3732407454808845,relu,50,64
"[11, 32, 64, 128, 1]",None,0,0.06289447089394382,0.469396410252084,relu,50,64
"[11, 32, 32, 128, 1]",None,0,0.05880965602202311,0.3928056380670504,relu,50,64
"[11, 32, 32, 128, 1]",L1,0.001,0.06439561954461212,0.42658644242313365,relu,50,64
"[11, 32, 32, 128, 1]",L2,0.001,0.09438713436338568,0.4844886876475194,relu,50,64
"[11, 32, 32, 128, 1]",L1,0.1,0.07162472808149659,0.3783990660596986,relu,50,64
"[11, 32, 32, 128, 1]",L2,0.1,0.06592398547957558,0.3728864178543165,relu,50,64
"[11, 32, 1]",None,0,0.09215908869763224,0.4707094555671248,tanh,50,64
"[11, 64, 1]",None,0,0.0770706483723273,0.48450108771722866,tanh,50,64
"[11, 128, 1]",None,0,0.09923140426441408,0.5402069933016763,tanh,50,64
"[11, 32, 64, 1]",None,0,0.035236971323950664,0.3637033509518595,tanh,50,64
"[11, 32, 128, 1]",None,0,0.03598905751110299,0.3076407743729536,tanh,50,64
"[11, 32, 64, 128, 1]",None,0,0.03948293990340446,0.3801439697521457,tanh,50,64
"[11, 32, 32, 128, 1]",None,0,0.03507828036406783,0.2683245758570671,tanh,50,64
"[11, 32, 32, 128, 1]",L1,0.001,0.04044489989680537,0.28599490841237823,tanh,50,64
"[11, 32, 32, 128, 1]",L2,0.001,0.04020103607999836,0.3373427873933858,tanh,50,64
"[11, 32, 32, 128, 1]",L1,0.1,0.05079551227230957,0.2865024140123519,tanh,50,64
"[11, 32, 32, 128, 1]",L2,0.1,0.0360993051553136,0.25962905906436856,tanh,50,64
"[11, 32, 1]",None,0,0.05536235212650426,0.33976591663053657,relu,100,32
"[11, 64, 1]",None,0,0.046013807742341685,0.3441570564386544,relu,100,32
"[11, 128, 1]",None,0,0.03675156789687064,0.2968211249827814,relu,100,32
"[11, 32, 64, 1]",None,0,0.02143596111529978,0.25383633650653215,relu,100,32
"[11, 32, 128, 1]",None,0,0.022508754954404853,0.25155217773973854,relu,100,32
"[11, 32, 64, 128, 1]",None,0,0.023332607880416627,0.31499281350989267,relu,100,32
"[11, 32, 32, 128, 1]",None,0,0.01581490637599499,0.23538676951196433,relu,100,32
"[11, 32, 32, 128, 1]",L1,0.001,0.021101622356228807,0.26526199226421077,relu,100,32
"[11, 32, 32, 128, 1]",L2,0.001,0.018163918329364447,0.2372919227861589,relu,100,32
"[11, 32, 32, 128, 1]",L1,0.1,0.013458740161845468,0.13540139633711987,relu,100,32
"[11, 32, 32, 128, 1]",L2,0.1,0.012797117987860736,0.15409523818352225,relu,100,32
"[11, 32, 1]",None,0,0.02202345541783085,0.21243088809720453,tanh,100,32
"[11, 64, 1]",None,0,0.01643841462067164,0.26054424320090597,tanh,100,32
"[11, 128, 1]",None,0,0.022977851016800575,0.2816988987512483,tanh,100,32
"[11, 32, 64, 1]",None,0,0.009683315464399682,0.2631393711445797,tanh,100,32
"[11, 32, 128, 1]",None,0,0.007377295164596625,0.16653040767141203,tanh,100,32
"[11, 32, 64, 128, 1]",None,0,0.006875799891281817,0.20414934510150123,tanh,100,32
"[11, 32, 32, 128, 1]",None,0,0.009210764909777297,0.1588667704944705,tanh,100,32
"[11, 32, 32, 128, 1]",L1,0.001,0.013804556750655131,0.2028851785196483,tanh,100,32
"[11, 32, 32, 128, 1]",L2,0.001,0.008175420001912428,0.18070378324935402,tanh,100,32
"[11, 32, 32, 128, 1]",L1,0.1,0.05930488526222484,0.2333148751426061,tanh,100,32
"[11, 32, 32, 128, 1]",L2,0.1,0.016956186409143276,0.1547470367552326,tanh,100,32
"[11, 32, 1]",None,0,0.07343963326991144,0.38817946464549163,relu,100,64
"[11, 64, 1]",None,0,0.06544010585879617,0.3913611477744836,relu,100,64
"[11, 128, 1]",None,0,0.05446454071972254,0.3502473479611219,relu,100,64
"[11, 32, 64, 1]",None,0,0.04047261508037898,0.3351049853850098,relu,100,64
"[11, 32, 128, 1]",None,0,0.0376982427249187,0.3152643910674106,relu,100,64
"[11, 32, 64, 128, 1]",None,0,0.042538002735123655,0.4039443078146784,relu,100,64
"[11, 32, 32, 128, 1]",None,0,0.04094295504285508,0.33296912612482066,relu,100,64
"[11, 32, 32, 128, 1]",L1,0.001,0.040701590815370024,0.3292679633787564,relu,100,64
"[11, 32, 32, 128, 1]",L2,0.001,0.044091919562791584,0.3574265999918649,relu,100,64
"[11, 32, 32, 128, 1]",L1,0.1,0.04645353523503683,0.2797081309997391,relu,100,64
"[11, 32, 32, 128, 1]",L2,0.1,0.03803896547492292,0.27858549402327687,relu,100,64
"[11, 32, 1]",None,0,0.048556610207495327,0.34133194600634703,tanh,100,64
"[11, 64, 1]",None,0,0.03704046128018847,0.3626865200980008,tanh,100,64
"[11, 128, 1]",None,0,0.05061868549354863,0.3982131594091357,tanh,100,64
"[11, 32, 64, 1]",None,0,0.02066126613886973,0.3259646307176889,tanh,100,64
"[11, 32, 128, 1]",None,0,0.016336382997783446,0.22098968971911367,tanh,100,64
"[11, 32, 64, 128, 1]",None,0,0.01552077192725645,0.274178850606522,tanh,100,64
"[11, 32, 32, 128, 1]",None,0,0.01873107339864213,0.20355290695953357,tanh,100,64
"[11, 32, 32, 128, 1]",L1,0.001,0.01795804781280834,0.1946377965856098,tanh,100,64
"[11, 32, 32, 128, 1]",L2,0.001,0.017667631714179288,0.19225332310005405,tanh,100,64
"[11, 32, 32, 128, 1]",L1,0.1,0.038261109220737555,0.2165186887218156,tanh,100,64
"[11, 32, 32, 128, 1]",L2,0.1,0.02127866244949624,0.1823121139651544,tanh,100,64
"[11, 64, 1]",None,0,0.05727038747902372,0.37016760103323676,relu,50,32
"[11, 128, 1]",None,0,0.05644674623198098,0.369959335859228,relu,50,32
"[11, 64, 32, 1]",None,0,0.05199279957700882,0.357845719988887,relu,50,32
"[11, 128, 32, 1]",None,0,0.10807614317801252,0.5019292488872948,relu,50,32
"[11, 128, 64, 1]",None,0,0.03422423110441265,0.3372937309469434,relu,50,32
"[11, 128, 64, 32, 1]",None,0,0.03436408215608339,0.32733421029654125,relu,50,32
"[11, 128, 64, 32, 1]",L1,0.001,0.034238576332950854,0.35602675285540886,relu,50,32
"[11, 128, 64, 32, 1]",L2,0.001,0.030704168801472184,0.35339431094927026,relu,50,32
"[11, 128, 64, 32, 1]",L1,0.1,0.05299580857118303,0.30593914380016757,relu,50,32
"[11, 128, 64, 32, 1]",L2,0.1,0.0435369582545405,0.3203799550542675,relu,50,32
"[11, 64, 1]",None,0,0.03241218965584896,0.34718765258430795,tanh,50,32
"[11, 128, 1]",None,0,0.07616489609136441,0.4322183611880302,tanh,50,32
"[11, 64, 32, 1]",None,0,0.02958053341851237,0.33029419549202144,tanh,50,32
"[11, 128, 32, 1]",None,0,0.029765997538500233,0.29804988751108485,tanh,50,32
"[11, 128, 64, 1]",None,0,0.017405737703459156,0.3307968757324,tanh,50,32
"[11, 128, 64, 32, 1]",None,0,0.023622193724661202,0.26072893962659827,tanh,50,32
"[11, 128, 64, 32, 1]",L1,0.001,0.021664803431787425,0.23270768264553018,tanh,50,32
"[11, 128, 64, 32, 1]",L2,0.001,0.022004612529751652,0.25295776489017774,tanh,50,32
"[11, 128, 64, 32, 1]",L1,0.1,0.057236077664674485,0.22582700379984258,tanh,50,32
"[11, 128, 64, 32, 1]",L2,0.1,0.0365819645563591,0.1862113386920995,tanh,50,32
"[11, 64, 1]",None,0,0.08792481585872645,0.43709630919584674,relu,50,64
"[11, 128, 1]",None,0,0.08049131877856511,0.42811742991984186,relu,50,64
"[11, 64, 32, 1]",None,0,0.061151188948349686,0.41695867423589483,relu,50,64
"[11, 128, 32, 1]",None,0,0.05194291026111717,0.3858855318815867,relu,50,64
"[11, 128, 64, 1]",None,0,0.05062201213952244,0.3960074609052381,relu,50,64
"[11, 128, 64, 32, 1]",None,0,0.05225974991766397,0.40307278430992255,relu,50,64
"[11, 128, 64, 32, 1]",L1,0.001,0.09180690909666565,0.516494015976735,relu,50,64
"[11, 128, 64, 32, 1]",L2,0.001,0.06158540615000362,0.3897964002908013,relu,50,64
"[11, 128, 64, 32, 1]",L1,0.1,0.07768670290699499,0.3794025281094829,relu,50,64
"[11, 128, 64, 32, 1]",L2,0.1,0.0707171405336344,0.4093778617093089,relu,50,64
"[11, 64, 1]",None,0,0.0887460771904644,0.4942417267589403,tanh,50,64
"[11, 128, 1]",None,0,0.11008757490233717,0.5509030011331849,tanh,50,64
"[11, 64, 32, 1]",None,0,0.059793954649106536,0.4200620990133952,tanh,50,64
"[11, 128, 32, 1]",None,0,0.06805476527931452,0.35219945242064005,tanh,50,64
"[11, 128, 64, 1]",None,0,0.04164932455471623,0.4118050249139572,tanh,50,64
"[11, 128, 64, 32, 1]",None,0,0.04038685092692927,0.3079245977717548,tanh,50,64
"[11, 128, 64, 32, 1]",L1,0.001,0.04930500901013975,0.33314770053705384,tanh,50,64
"[11, 128, 64, 32, 1]",L2,0.001,0.04253015428316766,0.3026353789459951,tanh,50,64
"[11, 128, 64, 32, 1]",L1,0.1,0.07256224606873947,0.2900063687103932,tanh,50,64
"[11, 128, 64, 32, 1]",L2,0.1,0.052327478436583405,0.2733560859257415,tanh,50,64
"[11, 64, 1]",None,0,0.06358332581024198,0.3874923970446568,relu,100,64
"[11, 128, 1]",None,0,0.04778352085347925,0.34856637432453325,relu,100,64
"[11, 64, 32, 1]",None,0,0.04738274946010922,0.3524303728427667,relu,100,64
"[11, 128, 32, 1]",None,0,0.04482590188519369,0.35772526665655296,relu,100,64
"[11, 128, 64, 1]",None,0,0.033774390454175345,0.3061300512050622,relu,100,64
"[11, 128, 64, 32, 1]",None,0,0.04657672352314769,0.4080719291007228,relu,100,64
"[11, 128, 64, 32, 1]",L1,0.001,0.03936065788773215,0.3695267898859205,relu,100,64
"[11, 128, 64, 32, 1]",L2,0.001,0.04756574482260951,0.4076686922616684,relu,100,64
"[11, 128, 64, 32, 1]",L1,0.1,0.04720121328728817,0.30367743137684444,relu,100,64
"[11, 128, 64, 32, 1]",L2,0.1,0.049476785634014406,0.39021884729560996,relu,100,64
"[11, 64, 1]",None,0,0.0414075739022402,0.3550514780163185,tanh,100,64
"[11, 128, 1]",None,0,0.05549789402058429,0.4019090568867678,tanh,100,64
"[11, 64, 32, 1]",None,0,0.031642158887780714,0.3189013370451939,tanh,100,64
"[11, 128, 32, 1]",None,0,0.025907017286946447,0.26705129708158126,tanh,100,64
"[11, 128, 64, 1]",None,0,0.017239442775760047,0.341232799287523,tanh,100,64
"[11, 128, 64, 32, 1]",None,0,0.023680723700832434,0.23907138755134846,tanh,100,64
"[11, 128, 64, 32, 1]",L1,0.001,0.02572988601022982,0.26132369321685106,tanh,100,64
"[11, 128, 64, 32, 1]",L2,0.001,0.02350021086008966,0.23329800499999126,tanh,100,64
"[11, 128, 64, 32, 1]",L1,0.1,0.034875019797979974,0.1373099525404909,tanh,100,64
"[11, 128, 64, 32, 1]",L2,0.1,0.03226375392166024,0.2364224595259289,tanh,100,64
"[11, 64, 32, 1]",None,0,0.07319052377900293,0.42732645439153183,relu,50,64
"[11, 128, 32, 1]",None,0,0.11132285447060909,0.5032600559314859,relu,50,64
"[11, 128, 64, 1]",None,0,0.07825093181268714,0.4309671227547598,relu,50,64
"[11, 128, 64, 32, 1]",None,0,0.05814761588962928,0.40588675281570913,relu,50,64
"[11, 128, 64, 32, 16, 1]",None,0,0.062159693696994645,0.41619689724181935,relu,50,64
"[11, 128, 64, 32, 16, 1]",L1,0.001,0.13404611842741254,0.5937117882187409,relu,50,64
"[11, 128, 64, 32, 16, 1]",L2,0.001,0.042787867895527215,0.37561471600198404,relu,50,64
"[11, 128, 64, 32, 16, 1]",L1,0.1,0.08219318132482312,0.414472019562337,relu,50,64
"[11, 128, 64, 32, 16, 1]",L2,0.1,0.06019167107996206,0.40503485699954345,relu,50,64
"[11, 64, 32, 1]",None,0,0.05687345286824435,0.3762666283149642,tanh,50,64
"[11, 128, 32, 1]",None,0,0.043905565234492516,0.3721255775933538,tanh,50,64
"[11, 128, 64, 1]",None,0,0.045972469949564124,0.3805613912207694,tanh,50,64
"[11, 128, 64, 32, 1]",None,0,0.042081019268715616,0.30249580185139435,tanh,50,64
"[11, 128, 64, 32, 16, 1]",None,0,0.0706829769617219,0.3069946220800579,tanh,50,64
"[11, 128, 64, 32, 16, 1]",L1,0.001,0.09277545119001887,0.3475102521521656,tanh,50,64
"[11, 128, 64, 32, 16, 1]",L2,0.001,0.07042284776431051,0.29951225199485776,tanh,50,64
"[11, 128, 64, 32, 16, 1]",L1,0.1,0.12518516495098145,0.3543606964529626,tanh,50,64
"[11, 128, 64, 32, 16, 1]",L2,0.1,0.08227976719058537,0.2823659593807191,tanh,50,64
"[11, 64, 32, 1]",None,0,0.04663441247385244,0.3789699042391161,relu,50,32
"[11, 128, 32, 1]",None,0,0.0410765876077317,0.3434156064596352,relu,50,32
"[11, 128, 64, 1]",None,0,0.03726918062172145,0.3381558886450982,relu,50,32
"[11, 128, 64, 32, 1]",None,0,0.03335358457453909,0.3077452346156076,relu,50,32
"[11, 128, 64, 32, 16, 1]",None,0,0.03206932369786611,0.3451181646374003,relu,50,32
"[11, 128, 64, 32, 16, 1]",L1,0.001,0.06552030976216615,0.4582364422547125,relu,50,32
"[11, 128, 64, 32, 16, 1]",L2,0.001,0.0369904175954173,0.4147485979969257,relu,50,32
"[11, 128, 64, 32, 16, 1]",L1,0.1,0.05532649330689424,0.30824194255628545,relu,50,32
"[11, 128, 64, 32, 16, 1]",L2,0.1,0.03763069512823448,0.31265266766483896,relu,50,32
"[11, 64, 32, 1]",None,0,0.03332609971326489,0.2556031394251853,tanh,50,32
"[11, 128, 32, 1]",None,0,0.023526437665385272,0.3360518523896605,tanh,50,32
"[11, 128, 64, 1]",None,0,0.017226370011083417,0.2650919158746102,tanh,50,32
"[11, 128, 64, 32, 1]",None,0,0.022959950973417884,0.23696170615934778,tanh,50,32
"[11, 128, 64, 32, 16, 1]",None,0,0.03794181554924902,0.2916725268793354,tanh,50,32
"[11, 128, 64, 32, 16, 1]",L1,0.001,0.04929870137919372,0.25753872659850263,tanh,50,32
"[11, 128, 64, 32, 16, 1]",L2,0.001,0.04531051581832395,0.22679171268806128,tanh,50,32
"[11, 128, 64, 32, 16, 1]",L1,0.1,0.0748810955163233,0.2264741795603701,tanh,50,32
"[11, 128, 64, 32, 16, 1]",L2,0.1,0.060810343884159325,0.1862558941538219,tanh,50,32
"[11, 128, 1]",None,0,0.06302877237396287,0.38439570010998675,relu,50,64
"[11, 64, 32, 1]",None,0,0.06832944447912657,0.44953044240618445,relu,50,64
"[11, 128, 32, 1]",None,0,0.07939941886785477,0.41086307017622736,relu,50,64
"[11, 128, 64, 1]",None,0,0.05212539951073966,0.38664868574770433,relu,50,64
"[11, 128, 64, 32, 1]",None,0,0.06694578119626134,0.45445511440161934,relu,50,64
"[11, 64, 1]",None,0,0.0758883955316098,0.4190168756366455,relu,50,64
"[11, 64, 1]",L1,0.001,0.06500422035780748,0.35442277290400814,relu,50,64
"[11, 64, 1]",L2,0.001,0.07859093258929319,0.41856694806799627,relu,50,64
"[11, 64, 1]",L1,0.1,0.08684338050849444,0.43768335735503083,relu,50,64
"[11, 64, 1]",L2,0.1,0.07000554784511945,0.3584729443053787,relu,50,64
"[11, 128, 1]",None,0,0.12091913911497428,0.5615859130525133,tanh,50,64
"[11, 64, 32, 1]",None,0,0.05538844205045614,0.3281166497839955,tanh,50,64
"[11, 128, 32, 1]",None,0,0.052667216613522874,0.3237651265627419,tanh,50,64
"[11, 128, 64, 1]",None,0,0.04710987601065358,0.42649816905390137,tanh,50,64
"[11, 128, 64, 32, 1]",None,0,0.042006158471511526,0.3018284756978828,tanh,50,64
"[11, 64, 1]",None,0,0.07542729288110424,0.47133507734112007,tanh,50,64
"[11, 64, 1]",L1,0.001,0.07588797770418401,0.478556917671085,tanh,50,64
"[11, 64, 1]",L2,0.001,0.07730751387097468,0.4838905588041217,tanh,50,64
"[11, 64, 1]",L1,0.1,0.07785137841385925,0.39910056153057033,tanh,50,64
"[11, 64, 1]",L2,0.1,0.07941185931061426,0.4666708661685909,tanh,50,64
"[11, 64, 1]",None,0,0.04911299900980598,0.3446561950016019,relu,70,32
"[11, 128, 1]",None,0,0.052056527156721336,0.3751063587011638,relu,70,32
"[11, 64, 32, 1]",None,0,0.03821701177141625,0.3137117405705102,relu,70,32
"[11, 128, 32, 1]",None,0,0.034469981955102244,0.3200379164596723,relu,70,32
"[11, 128, 64, 1]",None,0,0.028820631918141992,0.30401569670145334,relu,70,32
"[11, 128, 64, 32, 1]",None,0,0.044387675769623894,0.35262153222082376,relu,70,32
"[11, 128, 64, 32, 1]",L1,0.001,0.02820640631087121,0.3322847135571755,relu,70,32
"[11, 128, 64, 32, 1]",L2,0.001,0.02782190150498536,0.29621855207539827,relu,70,32
"[11, 128, 64, 32, 1]",L1,0.1,0.09459479221064801,0.43036313348340777,relu,70,32
"[11, 128, 64, 32, 1]",L2,0.1,0.025099878405172457,0.2510995656064015,relu,70,32
"[11, 64, 1]",None,0,0.02685600542206486,0.27035317406561055,tanh,70,32
"[11, 128, 1]",None,0,0.03993947637519612,0.31633973366459894,tanh,70,32
"[11, 64, 32, 1]",None,0,0.024598951805596823,0.32584276314521254,tanh,70,32
"[11, 128, 32, 1]",None,0,0.019688282128225952,0.2569001131801891,tanh,70,32
"[11, 128, 64, 1]",None,0,0.011902625692813,0.31597526758569516,tanh,70,32
"[11, 128, 64, 32, 1]",None,0,0.017251141825226333,0.22691181071844907,tanh,70,32
"[11, 128, 64, 32, 1]",L1,0.001,0.016560113364307728,0.2139633585575532,tanh,70,32
"[11, 128, 64, 32, 1]",L2,0.001,0.016971578556190685,0.23759338442932557,tanh,70,32
"[11, 128, 64, 32, 1]",L1,0.1,0.09978465903121377,0.359736190047176,tanh,70,32
"[11, 128, 64, 32, 1]",L2,0.1,0.03194397684457667,0.16266095686537166,tanh,70,32
